{"metrics":{"vus_max":{"values":{"value":2000,"min":2000,"max":2000},"type":"gauge","contains":"default"},"http_reqs":{"type":"counter","contains":"default","values":{"count":350261,"rate":3638.493855516877}},"http_req_receiving":{"type":"trend","contains":"time","values":{"avg":0.02369000988691278,"min":0,"med":0.020731,"max":24.998884,"p(90)":0.034921,"p(95)":0.040352}},"http_500_errors":{"type":"counter","contains":"default","values":{"count":21,"rate":0.2181469560295163}},"data_sent":{"type":"counter","contains":"data","values":{"rate":251721.95403201916,"count":24232110}},"http_req_sending":{"type":"trend","contains":"time","values":{"med":0.008751,"max":66.198117,"p(90)":0.032945,"p(95)":0.081243,"avg":0.04422933944115983,"min":0}},"vus":{"type":"gauge","contains":"default","values":{"value":4,"min":4,"max":1990}},"http_req_duration":{"type":"trend","contains":"time","values":{"avg":140.5442500210692,"min":0,"med":48.515758,"max":36000.754405,"p(90)":279.103107,"p(95)":492.811192},"thresholds":{"p(95)<1000":{"ok":true}}},"data_received":{"type":"counter","contains":"data","values":{"rate":727079.576550611,"count":69992593}},"iteration_duration":{"type":"trend","contains":"time","values":{"max":36011.279287,"p(90)":289.478048,"p(95)":507.095175,"avg":155.08171304109797,"min":10.274372,"med":61.100197}},"iterations":{"type":"counter","contains":"default","values":{"count":350261,"rate":3638.493855516877}},"checks":{"contains":"default","values":{"rate":0.7342867176191469,"passes":257192,"fails":93069},"type":"rate"},"http_req_blocked":{"type":"trend","contains":"time","values":{"avg":0.11867236054542411,"min":0.000503,"med":0.003472,"max":75.912151,"p(90)":0.151095,"p(95)":0.375572}},"http_req_tls_handshaking":{"contains":"time","values":{"max":0,"p(90)":0,"p(95)":0,"avg":0,"min":0,"med":0},"type":"trend"},"http_req_waiting":{"contains":"time","values":{"avg":140.4763306717412,"min":0,"med":48.479699,"max":36000.550695,"p(90)":278.992733,"p(95)":492.767228},"type":"trend"},"http_req_connecting":{"type":"trend","contains":"time","values":{"max":45.705836,"p(90)":0.090719,"p(95)":0.224305,"avg":0.08011251573540847,"min":0,"med":0}},"http_req_duration{expected_response:true}":{"type":"trend","contains":"time","values":{"avg":132.50466523563477,"min":0.683036,"med":57.650380999999996,"max":36000.754405,"p(90)":228.8615894,"p(95)":269.8548494}},"http_req_failed":{"type":"rate","contains":"default","values":{"rate":0.2657132823808531,"passes":93069,"fails":257192}}},"root_group":{"id":"d41d8cd98f00b204e9800998ecf8427e","groups":[],"checks":[{"name":"status is 200","path":"::status is 200","id":"6210a8cd14cd70477eba5c5e4cb3fb5f","passes":257192,"fails":93069}],"name":"","path":""},"options":{"summaryTrendStats":["avg","min","med","max","p(90)","p(95)"],"summaryTimeUnit":"","noColor":false},"state":{"isStdOutTTY":true,"isStdErrTTY":true,"testRunDurationMs":96265.381751}}