{"metrics":{"http_req_duration":{"type":"trend","contains":"time","values":{"med":220.841073,"max":903.870528,"p(90)":691.1827201,"p(95)":796.7856582000001,"avg":287.09743059695575,"min":0.654124},"thresholds":{"p(95)<1000":{"ok":true}}},"vus_max":{"type":"gauge","contains":"default","values":{"value":2000,"min":2000,"max":2000}},"http_req_duration{expected_response:true}":{"type":"trend","contains":"time","values":{"min":0.654124,"med":220.841073,"max":903.870528,"p(90)":691.1827201,"p(95)":796.7856582000001,"avg":287.09743059695575}},"http_req_tls_handshaking":{"values":{"p(95)":0,"avg":0,"min":0,"med":0,"max":0,"p(90)":0},"type":"trend","contains":"time"},"http_req_sending":{"type":"trend","contains":"time","values":{"avg":0.006689786294341522,"min":0.00146,"med":0.005841,"max":0.250583,"p(90)":0.009139700000000013,"p(95)":0.01143}},"http_req_receiving":{"type":"trend","contains":"time","values":{"avg":0.019234630198659126,"min":0.004718,"med":0.01783,"max":0.324151,"p(90)":0.028194700000000014,"p(95)":0.032478850000000004}},"http_req_failed":{"type":"rate","contains":"default","values":{"fails":176584,"rate":0,"passes":0}},"data_sent":{"type":"counter","contains":"data","values":{"count":12360880,"rate":153565.1384607652}},"http_req_connecting":{"type":"trend","contains":"time","values":{"avg":0.0011030754371857015,"min":0,"med":0,"max":7.624058,"p(90)":0,"p(95)":0}},"data_received":{"contains":"data","values":{"count":48302234,"rate":600081.8106942452},"type":"counter"},"http_req_blocked":{"type":"trend","contains":"time","values":{"min":0.0005,"med":0.002274,"max":7.662558,"p(90)":0.003569,"p(95)":0.004179,"avg":0.003959577017170356}},"http_reqs":{"type":"counter","contains":"default","values":{"count":176584,"rate":2193.7876922966457}},"iteration_duration":{"type":"trend","contains":"time","values":{"min":10.810978,"med":231.19977849999998,"max":914.896333,"p(90)":701.3859668,"p(95)":807.3256369000001,"avg":297.4593695236342}},"http_req_waiting":{"type":"trend","contains":"time","values":{"p(95)":796.7603553000001,"avg":287.0715061804638,"min":0.641236,"med":220.811438,"max":903.825993,"p(90)":691.1494802000001}},"iterations":{"type":"counter","contains":"default","values":{"count":176584,"rate":2193.7876922966457}},"vus":{"type":"gauge","contains":"default","values":{"value":1991,"min":5,"max":1991}},"checks":{"type":"rate","contains":"default","values":{"rate":1,"passes":176584,"fails":0}}},"root_group":{"groups":[],"checks":[{"name":"status is 200","path":"::status is 200","id":"6210a8cd14cd70477eba5c5e4cb3fb5f","passes":176584,"fails":0}],"name":"","path":"","id":"d41d8cd98f00b204e9800998ecf8427e"},"options":{"summaryTrendStats":["avg","min","med","max","p(90)","p(95)"],"summaryTimeUnit":"","noColor":false},"state":{"isStdErrTTY":true,"testRunDurationMs":80492.748054,"isStdOutTTY":true}}